Resolution,Complexity_N,Filtered_Energy,Compute_Time
64,4096,0.033623576164245605,0.018157958984375
128,16384,0.042423129081726074,0.053993940353393555
256,65536,0.043531812727451324,0.4178640842437744
512,262144,0.07020878791809082,1.36456298828125
