Re,Energy_Density,Delta_0
1000.0,0.05208243429660797,0.30901699437494745
10000.0,0.042820803821086884,0.30901699437494745
100000.0,0.034837860614061356,0.30901699437494745
1000000.0,0.035088568925857544,0.30901699437494745
