Re,Energy_Density,Delta_0
1000.0,0.05701850354671478,0.30901699437494745
10000.0,0.034457188099622726,0.30901699437494745
100000.0,0.05437634885311127,0.30901699437494745
1000000.0,0.03225008025765419,0.30901699437494745
