{"k_quasi": 0.57714059648876, "leakage_red": 40.03169379333025}