Temperature_K,Mean_Free_Path,Thermal_Conductivity
300,93175.5625,31058.520833333332
600,92653.6640625,30884.5546875
900,92344.96875,30781.65625
1200,92124.40625,30708.135416666664
