Trial,Slips,Avg_Beta
0,113,1.7340000000000002
1,113,1.7340000000000002
2,113,1.7340000000000002
3,113,1.7340000000000002
4,113,1.7340000000000002
5,113,1.7340000000000002
6,113,1.7340000000000002
7,113,1.7340000000000002
8,113,1.7340000000000002
9,113,1.7340000000000002
